USE Library_;
GO

--------------------------------------------INSERTS--------------------------------------------

-- SEXOS

INSERT INTO sexos	(id_sexo, sexo)
			VALUES	(1, 'Masculino'),
					(2, 'Femenino'),
					(3, 'Otro');

-- PROVINCIAS
GO
INSERT INTO provincias	(id_provincia, provincia)
				VALUES	(1, 'Buenos Aires'),
						(2, 'Catamarca'),
						(3, 'Chaco'),
						(4, 'Chubut'),
						(5, 'Córdoba'),
						(6, 'Corrientes'),
						(7, 'Entre Ríos'),
						(8, 'Formosa'),
						(9, 'Jujuy'),
						(10, 'La Pampa'),
						(11, 'La Rioja'),
						(12, 'Mendoza'),
						(13, 'Misiones'),
						(14, 'Neuquén'),
						(15, 'Río Negro'),
						(16, 'Salta'),
						(17, 'San Juan'),
						(18, 'San Luis'),
						(19, 'Santa Cruz'),
						(20, 'Santa Fe'),
						(21, 'Santiago del Estero'),
						(22, 'Tierra del Fuego'),
						(23, 'Tucumán');

-- EDITORIALES 
GO
INSERT INTO editoriales (id_editorial, editorial)
				VALUES	(1, 'Penguin Random House'),
						(2, 'HarperCollins'),
						(3, 'Grupo Planeta'),
						(4, 'Alfaguara'),
						(5, 'Anagrama'),
						(6, 'Ediciones SM'),
						(7, 'Editorial Sudamericana'),
						(8, 'Ediciones B'),
						(9, 'Siglo XXI Editores'),
						(10, 'Editorial Santillana'),
						(11,'Editorial Brujas');

-- CATEGORIAS 
GO
INSERT INTO categorias	(id_categoria, categoria) 
				VALUES	(1, 'Ficción'),
						(2, 'No ficción'),
						(3, 'Infantil'),
						(4, 'Juvenil'),
						(5, 'Educativo'),
						(6, 'Autoayuda'),
						(7, 'Ciencia'),
						(8, 'Historia'),
						(9, 'Tecnología'),
						(10, 'Arte'),
						(11, 'Religión'),
						(12, 'Salud'),
						(13, 'Viajes'),
						(14, 'Negocios'),
						(15, 'Deportes');



-- FORMAS DE PAGO
GO
INSERT INTO formas_pagos	(id_forma_pago, forma_pago)
					VALUES	(1, 'Transferencia bancaria'),
							(2, 'Tarjeta de crédito'),
							(3, 'Tarjeta de débito'),
							(4, 'Billetera virtual');

-- PUNTUACIONES
GO
INSERT INTO puntuaciones	(id_puntuacion, puntuacion)
					VALUES	(1, 1),
							(2, 2),
							(3, 3),
							(4, 4),
							(5, 5);

-- ESTADOS DE ENVÍO
GO
INSERT INTO estados_envios	(id_estado_envio, estado_actual) 
					VALUES	(1, 'Pendiente'),
							(2, 'En preparación'),
							(3, 'Enviado'),
							(4, 'En tránsito'),
							(5, 'Entregado'),
							(6, 'Cancelado');

-- FORMAS DE ENVÍO
GO
INSERT INTO formas_envios	(id_forma_envio, forma_envio) 
					VALUES	(1, 'Correo estándar'),
							(2, 'Correo exprés');

-- TIPOS DE DOCUMENTO
GO
INSERT INTO tipos_documentos	(id_tipo_doc, tipo) 
						VALUES	(1, 'DNI'),
								(2, 'Pasaporte'),
								(3, 'Libreta Cívica'),
								(4, 'Libreta de Enrolamiento'),
								(5, 'CUIT'),
								(6, 'CUIL'),
								(7, 'Carnet de extranjero'),
								(8, 'Documento Mercosur');

-- PROFESIONES
GO
INSERT INTO profesiones (id_profesion, profesion) 
				VALUES  (1, 'Ingeniero'),
						(2, 'Médico'),
						(3, 'Docente'),
						(4, 'Abogado'),
						(5, 'Estudiante'),
						(6, 'Programador'),
						(7, 'Contador'),
						(8, 'Diseñador'),
						(9, 'Psicólogo'),
						(10, 'Arquitecto'),
						(11, 'Analista de sistemas'),
						(12, 'Economista'),
						(13, 'Enfermero'),
						(14, 'Electricista'),
						(15, 'Plomero'),
						(16, 'Panadero'),
						(17, 'Chef'),
						(18, 'Mecánico'),
						(19, 'Carpintero'),
						(20, 'Vendedor'),
						(21, 'Administrador'),
						(22, 'Farmacéutico'),
						(23, 'Psicopedagogo'),
						(24, 'Periodista'),
						(25, 'Actor'),
						(26, 'Cantante'),
						(27, 'Camarero'),
						(28, 'Recepcionista'),
						(29, 'Traductor'),
						(30, 'Biotecnólogo'),
						(31, 'Escritor'),
						(32, 'Otro');

-- GÉNEROS LITERARIOS
GO
INSERT INTO generos (id_genero, genero) 
			VALUES  (1, 'Ficción'),
					(2, 'No ficción'),
					(3, 'Novela'),
					(4, 'Cuento'),
					(5, 'Poesía'),
					(6, 'Teatro'),
					(7, 'Memorias'),
					(8, 'Crónica'),
					(9, 'Fábula'),
					(10, 'Leyenda'),
					(11, 'Mito'),
					(12, 'Épica'),
					(13, 'Fantástico'),
					(14, 'Ciencia ficción'),
					(15, 'Terror'),
					(16, 'Suspenso'),
					(17, 'Misterio'),
					(18, 'Policial'),
					(19, 'Histórico'),
					(20, 'Aventuras'),
					(21, 'Distopía'),
					(22, 'Drama'),
					(23, 'Comedia'),
					(24, 'Satírico'),
					(25, 'Parodia'),
					(26, 'Gótico'),
					(27, 'Novela negra'),
					(28, 'Thriller psicológico'),
					(29, 'Épico lírico'),
					(30, 'Literatura de viajes'),
					(31, 'Teatro musical'),
					(32, 'Microrrelato'),
					(33, 'Ficción especulativa'),
					(34, 'Literatura experimental'),
					(35, 'Literatura clásica');

-- TIPOS DE CONTACTO
GO
INSERT INTO tipos_contactos (id_tipo_contacto, tipo) 
					VALUES  (1, 'Teléfono'),
							(2, 'Email'),
							(3, 'WhatsApp'),
							(4, 'Telegram'),
							(5, 'Instagram'),
							(6, 'Facebook'),
							(7, 'LinkedIn');

-- FINANCIERAS --
GO
INSERT INTO financieras	(id_financiera, nombre) 
						VALUES(1, 'Banco Nación'),
							  (2, 'Banco Galicia'),
							  (3, 'BBVA'),
							  (4, 'Banco Santander'),
							  (5, 'Banco Macro'),
							  (6, 'HSBC'),
							  (7, 'ICBC'),
							  (8, 'Banco Ciudad'),
							  (9, 'Banco Patagonia'),
							  (10, 'Banco Supervielle'),
							  (11, 'Banco Provincia'),
							  (12, 'Banco Comafi'),
							  (13, 'Banco Credicoop'),
							  (14, 'Banco Itau'),
							  (15, 'Banco Columbia'),
							  (16, 'Banco Hipotecario'),
							  (17, 'Banco Piano'),
							  (18, 'Banco de La Pampa'),
							  (19, 'Banco Roela');

-- NACIONALIDADES --
GO
INSERT INTO nacionalidades	(id_nacionalidad, nacionalidad) 
						VALUES  
							(1, 'Argentina'),
							(2, 'Brasilera'),
							(3, 'Italiana'),
							(4, 'Finlandesa'),
							(5, 'Noruega'),
							(6, 'Alemana'),
							(7, 'Francesa'),
							(8, 'Española'),
							(9, 'Portuguesa'),
							(10, 'Suiza'),
							(11, 'Austríaca'),
							(12, 'Danesa'),
							(13, 'Sueca'),
							(14, 'Polaca'),
							(15, 'Checa'),
							(16, 'Griega'),
							(17, 'Rumana'),
							(18, 'Húngara'),
							(19, 'Turca'),
							(20, 'Rusa'),
							(21, 'Ucraniana'),
							(22, 'China'),
							(23, 'Japonesa'),
							(24, 'Coreana'),
							(25, 'India'),
							(26, 'Pakistaní'),
							(27, 'Vietnamita'),
							(28, 'Filipina'),
							(29, 'Tailandesa'),
							(30, 'Malaya'),
							(31, 'Indonesia'),
							(32, 'Australiana'),
							(33, 'Neozelandesa'),
							(34, 'Sudafricana'),
							(35, 'Egipcia'),
							(36, 'Marroquí'),
							(37, 'Túnez'),
							(38, 'Canadiense'),
							(39, 'Estadounidense'),
							(40, 'Mexicana'),
							(41, 'Colombiana'),
							(42, 'Chilena'),
							(43, 'Peruana'),
							(44, 'Uruguaya'),
							(45, 'Venezolana'),
							(46, 'Boliviana'),
							(47, 'Paraguaya'),
							(48, 'Cubana'),
							(49, 'Salvadoreña'),
							(50, 'Hondureña'),
							(51, 'Panameña'),
							(52, 'Ecuatoriana');

-- CIUDADES --
GO
INSERT INTO ciudades	(id_ciudad, ciudad, id_provincia) 
VALUES  
						(1, 'La Plata', 1),
						(2, 'San Fernando del Valle de Catamarca', 2),
						(3, 'Resistencia', 3),
						(4, 'Rawson', 4),
						(5, 'Córdoba', 5),
						(6, 'Corrientes', 6),
						(7, 'Paraná', 7),
						(8, 'Formosa', 8),
						(9, 'San Salvador de Jujuy', 9),
						(10, 'Santa Rosa', 10),
						(11, 'La Rioja', 11),
						(12, 'Mendoza', 12),
						(13, 'Posadas', 13),
						(14, 'Neuquén', 14),
						(15, 'Viedma', 15),
						(16, 'Salta', 16),
						(17, 'San Juan', 17),
						(18, 'San Luis', 18),
						(19, 'Río Gallegos', 19),
						(20, 'Santa Fe', 20),
						(21, 'Santiago del Estero', 21),
						(22, 'Ushuaia', 22),
						(23, 'San Miguel de Tucumán', 23),
						(24, 'Gran Buenos Aires', 1),
						(25, 'CABA', 1),
						(26, 'Rosario', 20);

-- BARRIOS --
GO
INSERT INTO barrios (id_barrio, barrio, id_ciudad) 
			VALUES
					(1, 'Tolosa', 1),
					(2, 'Ringuelet', 1),
					(3, 'Villa Elvira', 1),
					(4, 'Centro', 2),
					(5, 'Altos de Catamarca', 2),
					(6, 'Santa Marta', 2),
					(7, 'Villa Fabiana', 3),
					(8, 'Barrio Güemes', 3),
					(9, 'Barrio España', 3),
					(10, 'Don Bosco', 4),
					(11, 'Zona Centro', 4),
					(12, 'Corradi', 4),
					(13, 'Nueva Córdoba', 5),
					(14, 'Alberdi', 5),
					(15, 'Villa Belgrano', 5),
					(16, 'Barrio Santa María', 6),
					(17, 'Barrio Ponce', 6),
					(18, 'Barrio 17 de Agosto', 6),
					(19, 'Barrio San Agustín', 7),
					(20, 'Barrio Capibá', 7),
					(21, 'Barrio Paraná V', 7),
					(22, 'Villa Hermosa', 8),
					(23, 'San Miguel', 8),
					(24, 'Barrio Obrero', 8),
					(25, 'Alto Comedero', 9),
					(26, 'Cuyaya', 9),
					(27, 'Ciudad de Nieva', 9),
					(28, 'Barrio Butaló', 10),
					(29, 'Villa Alonso', 10),
					(30, 'Barrio Aeropuerto', 10),
					(31, 'Barrio Evita', 11),
					(32, 'Barrio Vargas', 11),
					(33, 'Barrio Las Pichanas', 11),
					(34, 'Barrio La Favorita', 12),
					(35, 'Barrio Bombal', 12),
					(36, 'Barrio San Martín', 12),
					(37, 'Villa Sarita', 13),
					(38, 'Villa Cabello', 13),
					(39, 'Itaembé Miní', 13),
					(40, 'Barrio Valentina Sur', 14),
					(41, 'Barrio Santa Genoveva', 14),
					(42, 'Barrio Limay', 14),
					(43, 'Barrio Guido', 15),
					(44, 'Barrio Zatti', 15),
					(45, 'Barrio Norte', 15),
					(46, 'Barrio Grand Bourg', 16),
					(47, 'Barrio El Huaico', 16),
					(48, 'Villa San Lorenzo', 16),
					(49, 'Rawson Viejo', 17),
					(50, 'Barrio Rivadavia Norte', 17);

-- AUTORES --
GO
INSERT INTO autores (id_autor, nombre, apellido, biografia, fecha_nacimiento, id_nacionalidad, id_sexo)
				VALUES
					(1, 'Julio', 'Cortázar', 'Escritor argentino de renombre mundial.', '26/08/1914', 1, 1),
					(2, 'Clarice', 'Lispector', 'Autora brasileña de literatura introspectiva.', '10/12/1920', 2, 2),
					(3, 'Umberto', 'Eco', 'Famoso por su novela "El nombre de la rosa".', '05/01/1932', 3, 1),
					(4, 'Sofi', 'Oksanen', 'Escritora finlandesa con enfoque en temas políticos.', '07/01/1977', 4, 2),
					(5, 'Knut', 'Hamsun', 'Premio Nobel noruego de literatura.', '04/08/1859', 5, 1),
					(6, 'Herta', 'Müller', 'Autora alemana, crítica del régimen comunista.', '17/08/1953', 6, 2),
					(7, 'Albert', 'Camus', 'Filósofo y novelista francés.', '07/11/1913', 7, 1),
					(8, 'Federico', 'García Lorca', 'Poeta y dramaturgo español.', '05/06/1898', 8, 1),
					(9, 'José', 'Saramago', 'Novelista portugués y premio Nobel.', '16/11/1922', 9, 1),
					(10, 'Joanne', 'Rowling', 'Autora británica de la saga de Harry Potter.', '31/07/1965', 39, 2),
					(11, 'Isabel', 'Allende', 'Novelista chilena de fama internacional.', '02/08/1942', 42, 2),
					(12, 'Gabriel', 'García Márquez', 'Máximo exponente del realismo mágico.', '06/03/1927', 41, 1),
					(13, 'Banana', 'Yoshimoto', 'Escritora japonesa contemporánea.', '24/07/1964', 23, 2),
					(14, 'Chimamanda', 'Ngozi Adichie', 'Novelista feminista nigeriana.', '15/09/1977', 34, 2),
					(15, 'Haruki', 'Murakami', 'Reconocido autor japonés.', '12/01/1949', 23, 1),
					(16, 'Mario', 'Vargas Llosa', 'Premio Nobel peruano.', '28/03/1936', 43, 1),
					(17, 'Margaret', 'Atwood', 'Escritora canadiense feminista.', '18/11/1939', 38, 2),
					(18, 'Carlos', 'Fuentes', 'Escritor e intelectual mexicano.', '11/11/1928', 40, 1),
					-- Autores de los libros en idiomas != español
					(19, 'Emily', 'Hawthorne', 'Novelista finlandesa especializada en dramas históricos y ficción psicológica.', '14/05/1978', 4, 2),
					(20, 'Julien', 'Moreau', 'Escritor francés de novelas filosóficas y poesía urbana.', '03/02/1983', 7, 1),
					(21, 'Lena', 'Schmidt', 'Autora alemana conocida por sus thrillers con trasfondo social.', '27/09/1980', 6, 2),
					(22, 'Renata', 'Silveira', 'Escritora brasileña enfocada en literatura de realismo mágico contemporáneo.', '11/03/1975', 2, 2),
					(23, 'Giovanni', 'Ferrari', 'Narrador italiano de romances trágicos y novelas de época.', '19/10/1969', 3, 1),
					(24, 'Li', 'Wei', 'Escritora china cuya obra combina filosofía oriental y ciencia ficción.', '08/06/1985', 22, 2),
					(25, 'Aiko', 'Takahashi', 'Autora japonesa de relatos cortos con enfoque existencial.', '12/12/1990', 23, 2),
					(26, 'Noura', 'Al-Fulan', 'Escritora turca que explora la identidad femenina en sociedades conservadoras.', '22/01/1982', 19, 2),
					(27, 'Dmitri', 'Volkov', 'Novelista ruso especializado en ciencia ficción política.', '09/04/1970', 20, 1),
					(28, 'Min-Jun', 'Park', 'Escritor surcoreano que mezcla drama contemporáneo y folclore.', '17/07/1988', 24, 1);

-- CLIENTES
GO
INSERT INTO clientes(cod_cliente, nombre, apellido, nro_doc, contraseña, id_tipo_doc, id_sexo, id_nacionalidad, fecha_registro, fecha_nacimiento)
			VALUES	(1, 'Juan', 'Pérez', 12345678, 'pass1234', 1, 1, 1, '01/05/2020', '15/04/1980'),
					(2, 'Ana', 'Gómez', 87654321, 'password', 2, 2, 2, '02/05/2022', '20/08/1990'),
					(3, 'Luis', 'Martínez', 23456789, 'abc123', 1, 1, 3, '03/05/2025', '05/12/1975'),
					(4, 'María', 'Rodríguez', 98765432, 'mypassword', 3, 2, 4, '04/05/2025', '07/07/1988'),
					(5, 'Carlos', 'Fernández', 34567890, 'securepass', 4, 1, 5, '05/05/2021', '22/03/1995'),
					(6, 'Laura', 'López', 45678901, 'passw0rd', 5, 2, 6, '06/05/2019', '10/10/1983'),
					(7, 'Diego', 'Sánchez', 56789012, 'letmein', 6, 1, 7, '07/05/2025', '30/01/1979'),
					(8, 'Sofía', 'Ramírez', 67890123, '123456', 7, 2, 8, '08/05/2025', '11/11/1992'),
					(9, 'Martín', 'Torres', 78901234, 'qwerty', 8, 1, 9, '09/05/2019', '05/05/1985'),
					(10, 'Lucía', 'Flores', 89012345, 'abc12345', 1, 2, 10, '10/05/2018', '09/09/1991'),
					(11, 'Jorge', 'García', 90123456, 'pass123', 2, 1, 11, '11/05/2022', '18/02/1982'),
					(12, 'Valentina', 'Molina', 11223344, 'password1', 3, 2, 12, '12/05/2025', '14/06/1987'),
					(13, 'Pablo', 'Díaz', 22334455, 'letmein123', 4, 1, 13, '13/05/2021', '04/04/1976'),
					(14, 'Camila', 'Vargas', 33445566, 'mypassword1', 5, 2, 14, '14/05/2025', '21/12/1993'),
					(15, 'Federico', 'Castro', 44556677, 'abc1234', 6, 1, 15, '15/05/2020', '08/08/1981'),
					(16, 'Gabriela', 'Morales', 55667788, 'pass1234', 7, 2, 16, '16/05/2021', '03/03/1990'),
					(17, 'Ricardo', 'Herrera', 66778899, 'securepass1', 8, 1, 17, '17/05/2018', '17/07/1984'),
					(18, 'Natalia', 'Ruiz', 77889900, 'letmein12', 1, 2, 18, '18/05/2025', '01/01/1996'),
					(19, 'Sebastián', 'Ortiz', 88990011, 'mypassword12', 2, 1, 19, '19/05/2018', '30/10/1989'),
					(20, 'Florencia', 'Sosa', 99001122, 'password12', 3, 2, 20, '20/05/2021', '12/05/1994'),
					(21, 'Luciana', 'Álvarez', 453458, '1234', 1, 2, 1, '01-02-2020', '14-02-2004'),
					(22, 'Alexia', 'Tobares', 12373, 'teamoharrystyles', 3, 2, 2, '14-02-2024', '28-06-2004'),
					(23, 'María Victoria', 'Luque', 355678, 'maviluque123', 1, 2, 1, '01-02-2023', '27-05-2000');

--CONTACTOS
GO
INSERT INTO contactos	(id_contacto, contacto,id_tipo_contacto,cod_cliente)
		 VALUES			(1,'juan.perez@email.com', 2,1),
						(2,'+54112345678', 1,2),
						(3,'@anagomez', 5,3),
						(4,'facebook.com/luis.martinez', 6,4),
						(5,'carlos.fernandez@correo.com',2,5),
						(6,'+549341234567', 1,6),
						(7,'@lauralopez_ok', 5,7),
						(8,'facebook.com/diego.sanchez', 6,8),
						(9,'martin.torres@empresa.com', 2,9),
						(10,'lucia.flores@outlook.com', 2,10),
						(11,'@jorgegarcia85', 5,11),
						(12,'facebook.com/valentina.molina', 6,12),
						(13,'+54911223344', 1,13),
						(14,'camila.vargas@red.com', 2,14),
						(15,'linkedin.com/in/federico-castro', 7,15),
						(16,'gabriela.morales@gmail.com', 2,16),
						(17,'@ricardoherrera84', 5,17),
						(18,'natalia.ruiz@correo.com', 5,18),
						(19,'facebook.com/sebastian.ortiz', 6,19),
						(20,'flor.sosa@email.com', 2,20),
						(21, '1134567890', 1, 1),
						(22, 'ana.g.ig', 5, 2),
						(23, 'luis.mtz.fb', 6, 3),
						(24, 'mariarod.ig', 3, 4),
						(25, 'carlosf.fb', 6, 5),
						(26, '1145678901', 4, 6),
						(27, 'diego.s.ig', 5, 7),
						(28, 'sofi.r.fb', 6, 8),
						(29, '1178901234', 1, 9),
						(30, 'luciaf_ig', 5, 10),
						(31, '351345666', 1, 21),
						(32, '354353444', 1, 22),
						(33, '4852271', 1, 23);

--DIRECCIONES
GO
INSERT INTO direcciones (id_direccion,calle,altura,piso,depto,es_preferida,cod_cliente,id_barrio)
                  VALUES(1, 'Av. Rivadavia', 1234, 2, 'B', 1, 1, 3),
						(2, 'Calle Belgrano', 567, NULL, NULL, 1, 2, 5),
						(3, 'San Martín', 890, 3, 'C', 1, 3, 2),
						(4, 'Lavalle', 2300, NULL, NULL, 0,4, 4),
						(5, 'Corrientes', 1500, 5, 'D', 1, 5, 1),
						(6, 'Av. Córdoba', 678, 1, 'A', 1, 6, 3),
						(7, 'Honduras', 3456, NULL, NULL, 1, 7, 6),
						(8, 'Guatemala', 7890, 2, 'B',0, 8, 2),
						(9, 'Av. Santa Fe', 4567, 8, 'F', 1, 9, 5),
						(10, 'Thames', 1012, NULL, NULL, 1, 10, 4),
						(11, 'Av. Libertador', 9999, 6, 'E', 1, 11, 1),
						(12, 'Araoz', 1212, 1, 'C', 0, 12, 3),
						(13, 'Serrano', 654, NULL, NULL, 1, 13, 6),
						(14, 'Niceto Vega', 3210, 3, 'D', 1, 14, 2),
						(15, 'Av. Independencia', 4321, 2, 'B', 1, 15, 5),
						(16, 'Castro Barros', 777, NULL, NULL, 0, 16, 1),
						(17, 'Jujuy', 888, 5, 'A', 0, 17, 4),
						(18, 'Alsina', 999, 4, 'F', 1, 18, 3),
						(19, 'Urquiza', 543, NULL, NULL, 1, 19, 2),
						(20, 'Yrigoyen', 6543, 6, 'E', 0, 20, 6);

-- FACTURAS
GO					 
INSERT INTO facturas(nro_factura, fecha, fecha_entrega, fecha_pago, cod_cliente, id_forma_envio, cp_envio, costo_envio)
		VALUES		(1001, '15-03-2020', '17-03-2020', '19-03-2020', 1, 1, '5000', 1200.00),
					(1002, '04-07-2020', '06-07-2020', '08-07-2020', 2, 2, '1405', 1500.00),
					(1003, '22-11-2020', '24-11-2020', '26-11-2020', 3, 1, '5001', 1200.00),
					(1004, '05-02-2021', '07-02-2021', '09-02-2021', 4, 2, '1406', 1500.00),
					(1005, '18-06-2021', '20-06-2021', '22-06-2021', 5, 1, '5002', 1200.00),
					(1006, '12-09-2021', '14-09-2021', '16-09-2021', 6, 2, '1407', 1500.00),
					(1007, '30-12-2021', '01-01-2022', '03-01-2022', 7, 1, '5003', 1200.00),
					(1008, '09-04-2022', '11-04-2022', '13-04-2022', 8, 2, '1408', 1500.00),
					(1009, '17-07-2022', '19-07-2022', '21-07-2022', 9, 1, '5004', 1200.00),
					(1010, '23-10-2022', '25-10-2022', '27-10-2022', 10, 2, '1409', 1500.00),
					(1011, '02-01-2023', '04-01-2023', '06-01-2023', 11, 1, '5005', 1200.00),
					(1012, '19-03-2023', '21-03-2023', '23-03-2023', 12, 2, '1410', 1500.00),
					(1013, '28-06-2023', '30-06-2023', '02-07-2023', 13, 1, '5006', 1200.00),
					(1014, '15-09-2023', '17-09-2023', '19-09-2023', 14, 2, '1411', 1500.00),
					(1015, '11-11-2023', '13-11-2023', '15-11-2023', 15, 1, '5007', 1200.00),
					(1016, '05-12-2023', '07-12-2023', '09-12-2023', 16, 2, '1412', 1500.00),
					(1017, '21-01-2024', '23-01-2024', '25-01-2024', 17, 1, '5008', 1200.00),
					(1018, '10-04-2024', '12-04-2024', '14-04-2024', 18, 2, '1413', 1500.00),
					(1019, '02-07-2024', '04-07-2024', '06-07-2024', 19, 1, '5009', 1200.00),
					(1020, '27-09-2024', '29-09-2024', '01-10-2024', 20, 2, '1414', 1500.00),
					(1021, '18-12-2024', '20-12-2024', '22-12-2024', 1, 1, '5010', 1200.00),
					(1022, '09-01-2025', '11-01-2025', '13-01-2025', 2, 2, '1415', 1500.00),
					(1023, '23-02-2025', '25-02-2025', '27-02-2025', 3, 1, '5011', 1200.00),
					(1024, '10-03-2025', '12-03-2025', '14-03-2025', 4, 2, '1416', 1500.00),
					(1025, '25-03-2025', '27-03-2025', '29-03-2025', 5, 1, '5012', 1200.00),
					(1026, '05-04-2025', '07-04-2025', '09-04-2025', 6, 2, '1417', 1500.00),
					(1027, '13-04-2025', '15-04-2025', '17-04-2025', 7, 1, '5013', 1200.00),
					(1028, '21-04-2025', '23-04-2025', '25-04-2025', 8, 2, '1418', 1500.00),
					(1029, '28-04-2025', '30-04-2025', '02-05-2025', 9, 1, '5014', 1200.00),
					(1030, '01-05-2025', '03-05-2025', '05-05-2025', 10, 2, '1419', 1500.00),
					(1031, '02-05-2025', '04-05-2025', '06-05-2025', 11, 1, '5015', 1200.00),
					(1032, '03-05-2025', '05-05-2025', '07-05-2025', 12, 2, '1420', 1500.00),
					(1033, '04-05-2025', '06-05-2025', '08-05-2025', 13, 1, '5016', 1200.00),
					(1034, '05-05-2025', '07-05-2025', '09-05-2025', 14, 2, '1421', 1500.00),
					(1035, '06-05-2025', '08-05-2025', '10-05-2025', 15, 1, '5017', 1200.00),
					(1036, '07-05-2025', '09-05-2025', '11-05-2025', 16, 2, '1422', 1500.00),
					(1037, '08-05-2025', '10-05-2025', '12-05-2025', 17, 1, '5018', 1200.00),
					(1038, '09-05-2025', '11-05-2025', '13-05-2025', 18, 2, '1423', 1500.00),
					(1039, '10-05-2025', '12-05-2025', '14-05-2025', 19, 1, '5019', 1200.00),
					(1040, '25-04-2025', '23-04-2025', '15-05-2025', 20, 2, '1424', 1500.00),
					(1041, '23-04-2025', '23-04-2025', '25-04-2025', 21, 2, '1425', 1500.00),
					(1042, '23-04-2025', '23-05-2025', '24-04-2025', 22, 1, '5020', 1200.00),
					(1043, '23-04-2025', '23-04-2025', '23-04-2025', 23, 2, '1426', 1500.00);

-- FACTURAS X FORMAS DE PAGO
GO
INSERT INTO facturas_formaspago (id_factura_pago,monto_parcial,id_forma_pago,nro_factura)
						VALUES  (1,  100.50, 1, 1001),
								(2,  200.75, 2, 1002),
								(3,  150.00, 3, 1003),
								(4,  250.00, 4, 1004),
								(5,  175.25, 2, 1005),
								(6,  120.00, 3, 1006),
								(7,  130.00, 1, 1007),
								(8,  220.00, 2, 1008),
								(9,  140.00, 3, 1009),
								(10, 180.00, 1, 1010),
								(11, 110.00, 2, 1011),
								(12, 160.00, 3, 1012),
								(13, 170.00, 1, 1013),
								(14, 190.00, 2, 1014),
								(15, 210.00, 3, 1015),
								(16, 115.00, 4, 1016),
								(17, 125.00, 2, 1017),
								(18, 135.00, 3, 1018),
								(19, 145.00, 1, 1019),
								(20, 155.00, 2, 1020),
								(21, 165.00, 3, 1021),
								(22, 175.00, 1, 1022),
								(23, 185.00, 2, 1023),
								(24, 195.00, 3, 1024),
								(25, 205.00, 1, 1025),
								(26, 215.00, 2, 1026),
								(27, 225.00, 3, 1027),
								(28, 235.00, 1, 1028),
								(29, 245.00, 2, 1029),
								(30, 255.00, 3, 1030),
								(31, 265.00, 1, 1031),
								(32, 275.00, 2, 1032),
								(33, 285.00, 3, 1033),
								(34, 295.00, 1, 1034),
								(35, 305.00, 2, 1035),
								(36, 315.00, 3, 1036),
								(37, 325.00, 1, 1037),
								(38, 335.00, 2, 1038),
								(39, 345.00, 4, 1039),
								(40, 355.00, 1, 1040);

-- FORMAS DE PAGO X CLIENTES
GO
INSERT INTO formapagos_clientes (id_formapago_cliente, num_tarjeta, fecha_vencimiento, cvv, cod_cliente, id_forma_pago, id_financiera)
						VALUES	(1, NULL, '01/03/2020', '123', 1, 1, 1),
								(2, 123456789, '12/07/2020', '456', 2, 2, 2),
								(3, 234567890, '25/10/2020', '789', 3, 3, 3),
								(4, NULL, '08/01/2021', '321', 4, 4, 4),
								(5, NULL, '14/05/2021', '654', 5, 1, 1),
								(6, 345678901, '20/09/2021', '987', 6, 2, 2),
								(7, 456789012, '02/12/2021', '111', 7, 3, 3),
								(8, NULL, '11/02/2022', '222', 8, 4, 4),
								(9, NULL, '23/06/2022', '333', 9, 1, 1),
								(10, 567890123, '04/10/2022', '444', 10, 2, 2),
								(11, 678901234, '18/01/2023', '555', 11, 3, 3),
								(12, NULL, '27/04/2023', '666', 12, 4, 4),
								(13, NULL, '06/08/2023', '777', 13, 1, 1),
								(14, 789012345, '16/11/2023', '888', 14, 2, 2),
								(15, 890123456, '05/02/2024', '999', 15, 3, 3),
								(16, NULL, '13/03/2024', '000', 16, 4, 4),
								(17, NULL, '29/05/2024', '101', 17, 1, 1),
								(18, 901234567, '12/07/2024', '202', 18, 2, 2),
								(19, 123456780, '18/09/2024', '303', 19, 3, 3),
								(20, NULL, '03/11/2024', '404', 20, 4, 4),
								(21, NULL, '21/01/2020', '505', 1, 1, 1),
								(22, 234567891, '07/04/2020', '606', 2, 2, 2),
								(23, 345678902, '30/06/2020', '707', 3, 3, 3),
								(24, NULL, '22/08/2020', '808', 4, 4, 4),
								(25, NULL, '16/11/2020', '909', 5, 1, 1),
								(26, 456789013, '04/02/2021', '111', 6, 2, 2),
								(27, 567890124, '10/06/2021', '222', 7, 3, 3),
								(28, NULL, '19/08/2021', '333', 8, 4, 4),
								(29, NULL, '30/10/2021', '444', 9, 1, 1),
								(30, 678901235, '11/01/2022', '555', 10, 2, 2),
								(31, 789012346, '23/04/2022', '666', 11, 3, 3),
								(32, NULL, '05/07/2022', '777', 12, 4, 4),
								(33, NULL, '17/09/2022', '888', 13, 1, 1),
								(34, 890123457, '01/12/2022', '999', 14, 2, 2),
								(35, 901234568, '14/03/2023', '000', 15, 3, 3),
								(36, NULL, '28/05/2023', '123', 16, 4, 4),
								(37, NULL, '06/08/2023', '234', 17, 1, 1),
								(38, 123456781, '09/10/2023', '345', 18, 2, 2),
								(39, 134567892, '22/12/2023', '456', 19, 3, 3),
								(40, NULL, '01/06/2025', '567', 20, 4, 4);

-- FORMAS DE ENVIO X CLIENTES
GO
INSERT INTO formasenvios_clientes	(id_formaenvio_cliente,es_preferida ,cod_cliente,id_forma_envio)
							VALUES  (1, 1, 1, 1),
									(2, 0, 1, 2),
									(3, 0, 2, 1),
									(4, 1, 2, 2),
									(5, 1, 3, 1),
									(6, 0, 3, 2),
									(7, 0, 4, 1),
									(8, 1, 4, 2),
									(9, 1, 5, 1),
									(10, 0, 5, 2),
									(11, 1, 6, 1),
									(12, 0, 6, 2),
									(13, 0, 7, 1),
									(14, 1, 7, 2),
									(15, 0, 8, 1),
									(16, 1, 8, 2),
									(17, 0, 9, 1),
									(18, 1, 9, 2),
									(19, 1, 10, 1),
									(20, 0, 10, 2),
									(21, 1, 1, 2),
									(22, 0, 2, 1),
									(23, 0, 3, 2),
									(24, 1, 4, 1),
									(25, 0, 5, 2),
									(26, 1, 6, 1),
									(27, 0, 7, 2),
									(28, 1, 8, 1),
									(29, 0, 9, 2),
									(30, 1, 10, 1),
									(31, 0, 1, 1),
									(32, 1, 2, 2),
									(33, 0, 3, 1),
									(34, 1, 4, 2),
									(35, 0, 5, 1),
									(36, 1, 6, 2),
									(37, 0, 7, 1),
									(38, 1, 8, 2),
									(39, 0, 9, 1),
									(40, 1, 10, 2);

--IDIOMAS
GO
INSERT INTO idiomas (id_idioma, idioma) 
			VALUES	(1, 'Español'),
					(2, 'Inglés'),
					(3, 'Francés'),
					(4, 'Alemán'),
					(5, 'Portugués'),
					(6, 'Italiano'),
					(7, 'Chino Mandarín'),
					(8, 'Japonés'),
					(9, 'Árabe'),
					(10, 'Ruso'),
					(11, 'Coreano'),
					(12, 'Hindi');

-- LIBROS
GO
INSERT INTO LIBROS	(cod_libro,isbn , titulo,precio ,descripcion,stock,id_editorial, id_idioma,fecha_lanzamiento)
			VALUES  (1, '978-84-376-0494-7', 'El eco del silencio', 124500.00, 'Una novela introspectiva sobre la soledad y la memoria.', 12, 1, 1, '15/03/2020'),
					(2, '978-84-233-5481-3', 'Caminos cruzados', 37800.00, 'Historias entrelazadas que revelan secretos del pasado.', 8, 2, 1, '22/07/2018'),
					(3, '978-84-306-0342-0', 'La sombra del tiempo', 53600.00, 'Un viaje entre generaciones a través de recuerdos olvidados.', 15, 3, 1, '10/11/2015'),
					(4, '978-84-204-6723-6', 'Luz en la penumbra', 48600.00, 'Poemas que buscan el equilibrio entre la oscuridad y la luz.', 20, 1, 1, '05/04/2019'),
					(5, '978-84-7888-949-2', 'Susurros del bosque', 44500.00, 'Relato de aventuras en un bosque encantado.', 5, 4, 1, '18/06/2021'),
					(6, '978-84-9908-344-3', 'El fin del invierno', 99800.00, 'Un thriller ambientado en un mundo post-apocalíptico.', 9, 5, 1, '01/01/2022'),
					(7, '978-84-670-3823-4', 'Cartas a un desconocido', 33000.00, 'Compilación de cartas escritas desde el anonimato.', 25, 2, 1, '20/09/2016'),
					(8, '978-84-9032-403-3', 'Memorias fragmentadas', 77100.00, 'Testimonios de vidas marcadas por la guerra.', 7, 3, 1, '12/12/2020'),
					(9, '978-84-450-0055-5', 'En el margen del mundo', 48800.00, 'Cuentos sobre personajes que viven al límite.', 13, 4, 1, '25/08/2017'),
					(10, '978-84-1210-805-2', 'Amanecer en el sur', 72000.00, 'Novela romántica ambientada en la Patagonia.', 11, 5, 1, '17/02/2023'),
					(11, '978-84-670-1290-5', 'El jardín de los secretos', 112500.00, 'Una historia de amor y misterio en una casa antigua.', 10, 1, 1, '01/05/2014'),
					(12, '978-84-8383-482-1', 'Sombras del pasado', 91000.00, 'Un inspector enfrenta un caso que lo conecta con su niñez.', 12, 3, 1, '27/03/2021'),
					(13, '978-84-206-4262-4', 'Más allá de la frontera', 130000.00, 'Narración sobre la migración y la búsqueda de identidad.', 7, 2, 1, '11/06/2019'),
					(14, '978-84-415-3433-6', 'El mapa del tesoro', 63000.00, 'Aventura juvenil con pistas escondidas en un viejo diario.', 15, 4, 1, '08/10/2015'),
					(15, '978-84-92847-39-8', 'Noches blancas', 33000.00, 'Relatos cortos ambientados en una ciudad nevada.', 6, 5, 1, '29/11/2018'),
					(16, '978-84-934274-7-3', 'Voces en la niebla', 84200.00, 'Suspenso psicológico con giros inesperados.', 11, 1, 1, '04/01/2013'),
					(17, '978-84-232-1513-7', 'Puertas abiertas', 38600.00, 'Ensayo sobre oportunidades perdidas y encontradas.', 18, 2, 1, '16/06/2017'),
					(18, '978-84-376-1234-9', 'Cielo rojo, mar azul', 99900.00, 'Drama histórico en una isla olvidada.', 9, 3, 1, '23/04/2020'),
					(19, '978-84-947213-0-3', 'Tierra de nadie', 121000.00, 'Novela bélica sobre el costo humano de la guerra.', 14, 5, 1, '30/12/2021'),
					(20, '978-84-92488-14-0', 'La otra cara del viento', 88400.00, 'Un escritor viaja al pasado para enfrentarse a su historia.', 10, 4, 1, '06/07/2022'),
					(21, '978-84-941185-9-2', 'Mar de sueños', 53100.00, 'Una joven descubre su legado escondido en cartas antiguas.', 13, 1, 1, '09/05/2021'),
					(22, '978-84-270-3294-8', 'Laberintos del alma', 148000.00, 'Viaje introspectivo guiado por experiencias traumáticas.', 8, 2, 1, '14/02/2022'),
					(23, '978-84-16890-00-7', 'La última estación', 47000.00, 'Dos desconocidos se encuentran en el tren final.', 16, 3, 1, '20/11/2019'),
					(24, '978-84-935982-0-2', 'Ríos de tinta', 96000.00, 'Crónica sobre el periodismo en tiempos de censura.', 7, 4, 1, '11/01/2018'),
					(25, '978-84-15945-53-2', 'Fragmentos de eternidad', 115000.00, 'Ficción poética sobre la inmortalidad y el amor eterno.', 5, 5, 1, '03/03/2015'),
					(26, '978-84-936138-4-2', 'La voz del fuego', 66600.00, 'Novela épica ambientada en una tierra de volcanes.', 19, 1, 1, '08/12/2016'),
					(27, '978-84-939013-7-3', 'El tiempo detenido', 59600.00, 'Un científico experimenta con la percepción temporal.', 10, 3, 1, '27/04/2020'),
					(28, '978-84-683-2882-5', 'Islas perdidas', 92200.00, 'Exploradores en busca de un lugar que no aparece en mapas.', 21, 4, 1, '22/08/2022'),
					(29, '978-84-1217-001-1', 'Cruces en el camino', 48800.00, 'Dilemas morales entre deber y deseo.', 15, 2, 1, '13/06/2019'),
					(30, '978-84-16833-97-3', 'Miradas que duelen', 37700.00, 'Drama urbano sobre la indiferencia social.', 17, 5, 1, '19/10/2021'),
					(31, '978-84-17927-44-6', 'El susurro de las piedras', 85900.00, 'Un arqueólogo descubre un mensaje enterrado hace siglos.', 8, 1, 1, '05/02/2017'),
					(32, '978-84-16538-85-4', 'Sueños de invierno', 40000.00, 'Una mujer reconstruye su vida tras una pérdida.', 12, 2, 1, '28/09/2020'),
					(33, '978-84-15567-19-3', 'Horizonte sin fin', 53000.00, 'Ciencia ficción con una misión a un planeta desconocido.', 14, 3, 1, '07/07/2016'),
					(34, '978-84-1324-123-2', 'Corazón errante', 76400.00, 'Romance contemporáneo entre dos culturas opuestas.', 11, 4, 1, '18/01/2023'),
					(35, '978-84-92913-68-5', 'Rastro de cenizas', 147800.00, 'Un incendio revela secretos familiares guardados por décadas.', 9, 5, 1, '10/04/2018'),
					(36, '978-84-9139-748-7', 'La cima invisible', 48900.00, 'Una montañista desafía sus límites físicos y emocionales.', 6, 2, 1, '25/06/2021'),
					(37, '978-84-9838-778-8', 'El archivo prohibido', 139000.00, 'Thriller sobre documentos secretos y conspiraciones.', 10, 3, 1, '31/03/2022'),
					(38, '978-84-8460-783-6', 'El arte de perder', 47200.00, 'Reflexión sobre fracasos, pérdidas y aprendizajes.', 13, 4, 1, '29/05/2017'),
					-- Libros en idiomas != español
					(39, '978-0-141-03435-8', 'The Silent Path', 54000.00, 'A tale of resilience in a post-war landscape.', 10, 2, 2, '12/11/2015'),
					(40, '978-2-07-036822-8', 'Les Échos du Passé', 108000.00, 'Un roman sur la mémoire, la perte et la reconstruction.', 7, 3, 3, '15/03/2018'),
					(41, '978-3-518-46910-3', 'Der Schattenwald', 39000.00, 'Ein mystischer Thriller im Herzen des Schwarzwaldes.', 12, 4, 4, '02/09/2020'),
					(42, '978-85-01-01400-2', 'Caminhos da Alma', 79900.00, 'Uma jornada espiritual através do Brasil rural.', 8, 5, 5, '06/06/2021'),
					(43, '978-88-06-18327-5', 'Il Cuore Sospeso', 69300.00, 'Un amore interrotto dal destino e dal tempo.', 9, 3, 6, '26/10/2019');

--DETALLE DE FACTURAS
GO
INSERT INTO detalle_facturas (id_detalle_factura,cantidad,precio,recargo,nro_factura,cod_libro)
				VALUES  (7, 3, 16000.3, 0, 1005, 30),
						(8, 1, 18000.75, 0, 1006, 5),
						(9, 1, 24000.5, 0, 1006, 3),
						(10, 1, 23000.4, 0, 1007, 20),
						(11, 3, 17000.4, 0, 1007, 27),
						(12, 1, 14000.6, 0, 1007, 7),
						(13, 1, 23000.4, 0, 1008, 6),
						(14, 3, 26000.45, 0, 1008, 24),
						(15, 1, 22000.5, 0, 1009, 18),
						(16, 3, 18000.5, 0, 1009, 12),
						(17, 3, 22000.1, 10, 1010, 10),
						(18, 1, 21000.0, 0, 1011, 4),
						(19, 1, 16000.2, 0, 1012, 9),
						(20, 1, 21000.9, 0, 1013, 11),
						(21, 2, 28000.3, 5, 1014, 22),
						(22, 2, 22000.75, 5, 1014, 28),
						(23, 3, 29000.95, 5, 1014, 37),
						(24, 1, 20000.25, 0, 1015, 38),
						(25, 1, 29000.2, 0, 1015, 25),
						(27, 1, 20000.0, 10, 1016, 14),
						(28, 3, 27000.0, 10, 1016, 19),
						(30, 1, 19000.1, 0, 1017, 32),
						(31, 2, 23000.1, 0, 1018, 34),
						(32, 1, 17000.95, 0, 1019, 3),
						(33, 2, 26.85000, 0, 1019, 35),
						(34, 1, 25.6000, 0, 1020, 13),
						(35, 3, 19000.3, 0, 1020, 16),
						(36, 2, 18000.9, 0, 1020, 29),
						(37, 1, 20000.15, 5, 1021, 26),
						(38, 2, 17000.75, 5, 1021, 15),
						(39, 1, 21000.75, 5, 1021, 33),
						(40, 2, 24000.0, 0, 1022, 31),
						(41, 3, 29000.9, 0, 1022, 8),
						(42, 3, 19000.99, 0, 1022, 1),
						(43, 3, 16000.95, 0, 1023, 17),
						(44, 3, 18000.0, 0, 1023, 36),
						(45, 2, 15000.7, 0, 1023, 23),
						(46, 2, 19000.9, 0, 1024, 21),
						(47, 1, 16000.3, 0, 1024, 30),
						(48, 1, 18000.75, 0, 1025, 5),
						(49, 3, 24000.5, 0, 1025, 4),
						(50, 1, 23000.4, 0, 1025, 20),
						(51, 2, 17000.4, 0, 1026, 27),
						(52, 2, 14000.6, 0, 1026, 7),
						(53, 2, 23000.4, 0, 1026, 6),
						(54, 2, 26000.45, 0, 1027, 24),
						(55, 3, 22000.5, 0, 1027, 18),
						(56, 3, 18000.5, 0, 1028, 12),
						(57, 3, 22000.1, 0, 1028, 10),
						(58, 3, 21000.0, 0, 1029, 4),
						(59, 3, 16000.2, 0, 1029, 9),
						(60, 3, 21000.9, 0, 1030, 11),
						(61, 2, 28000.3, 0, 1030, 22),
						(62, 1, 22000.75, 0, 1031, 28),
						(63, 2, 29000.95, 0, 1032, 37),
						(64, 3, 20000.25, 0, 1033, 38),
						(65, 3, 29000.2, 0, 1034, 25),
						(67, 3, 20000.0, 0, 1036, 14),
						(68, 2, 27000.0, 0, 1036, 19),
						(70, 3, 19000.1, 0, 1037, 32),
						(71, 3, 23000.1, 0, 1037, 34),
						(72, 3, 17000.95, 0, 1038, 3),
						(73, 3, 26000.85, 0, 1039, 35),
						(74, 2, 25000.6, 0, 1039, 13),
						(75, 1, 19000.3, 0, 1039, 16),
						(76, 2, 18000.9, 0, 1040, 2),
						(77, 3, 20000.15, 0, 1040, 26),
						(78, 1, 19000.3, 0, 1041, 16),
						(79, 2, 18000.9, 0, 1042, 1),
						(80, 3, 20000.15, 0, 1043, 26);

-- PEDIDOS
GO
INSERT INTO pedidos (nro_pedido,fecha,fecha_entrega,instrucciones_adicionales,cod_cliente, id_forma_envio )
			VALUES	(01, '12/04/2024', '17/04/2020', 'No dejar bajo el sol', 1, 1),
					(02, '19/03/2024', '24/03/2020', 'Entregar después de las 17 hs', 2, 2),
					(03, '04/04/2024', '10/04/2020', 'Entregar después de las 17 hs', 3, 1),
					(04, '01/04/2024', '06/04/2020', 'Llamar antes de entregar', 4, 2),
					(05, '28/03/2024', '30/03/2020', 'No dejar bajo el sol', 5, 1),
					(06, '19/03/2024', '22/03/2021', 'No dejar bajo el sol', 6, 2),
					(07, '16/05/2024', '23/05/2021', 'No dejar bajo el sol', 7, 1),
					(08, '13/04/2024', '18/04/2021', 'Dejar en portería', 8, 2),
					(09, '09/05/2024', '19/05/2021', 'Entregar a vecino si no estoy', 9, 1),
					(10, '15/04/2024', '22/04/2021', NULL, 10, 2),
					(11, '19/03/2024', '21/03/2021', 'Entregar a vecino si no estoy', 11, 1),
					(12, '22/04/2024', '29/04/2021', 'No dejar bajo el sol', 12, 2),
					(13, '21/03/2024', '29/03/2022', NULL, 13, 1),
					(14, '27/03/2024', '01/04/2022', NULL, 14, 2),
					(15, '21/04/2024', '26/04/2022', 'No dejar bajo el sol', 15, 1),
					(16, '19/03/2024', '25/03/2022', 'Llamar antes de entregar', 16, 2),
					(17, '08/05/2024', '11/05/2022', 'No dejar bajo el sol', 17, 1),
					(18, '03/05/2024', '06/05/2022', 'No dejar bajo el sol', 18, 2),
					(19, '13/04/2024', '21/04/2023', 'No dejar bajo el sol', 19, 1),
					(20, '08/05/2024', '16/05/2023', 'Entregar después de las 17 hs', 20, 2),
					(21, '06/04/2024', '15/04/2023', NULL, 1, 1),
					(22, '06/04/2024', '12/04/2023', 'Entregar después de las 17 hs', 2, 2),
					(23, '15/04/2024', '17/04/2023', 'Dejar en portería', 3, 1),
					(24, '21/03/2024', '31/03/2023', 'No dejar bajo el sol', 4, 2),
					(25, '05/05/2024', '10/05/2024', 'Entregar a vecino si no estoy', 5, 1),
					(26, '19/03/2024', '21/03/2024', 'Llamar antes de entregar', 6, 2),
					(27, '14/05/2024', '23/05/2024', 'No dejar bajo el sol', 7, 1),
					(28, '13/05/2024', '15/05/2024', 'Entregar a vecino si no estoy', 8, 2),
					(29, '31/03/2024', '05/04/2024', NULL, 9, 1),
					(30, '24/03/2024', '27/03/2024', 'Dejar en portería', 10, 2),
					(31, '29/04/2024', '03/05/2025', 'Dejar en portería', 11, 1),
					(32, '11/04/2024', '19/04/2025', 'Entregar a vecino si no estoy', 12, 2),
					(33, '15/05/2024', '17/05/2025', NULL, 13, 1),
					(34, '15/04/2024', '22/04/2025', 'Entregar después de las 17 hs', 14, 2),
					(35, '08/04/2024', '18/04/2025', NULL, 15, 1),
					(36, '20/03/2024', '28/03/2025', NULL, 16, 2),
					(37, '28/04/2024', '08/05/2025', 'No dejar bajo el sol', 17, 1),
					(38, '10/05/2024', '16/05/2025', 'No dejar bajo el sol', 18, 2),
					(39, '20/03/2024', '29/03/2025', 'Dejar en portería', 19, 1);

--DETALLE DE PEDIDOS
GO
INSERT INTO detalle_pedidos (id_detalle_pedido,cantidad,precio,cod_libro,nro_pedido)
					VALUES  (1, 1, 29000.90, 8, 1),
							(2, 1, 19000.99, 1, 2),
							(3, 3, 16000.95, 17, 2),
							(4, 1, 18000.00, 36, 3),
							(5, 3, 15000.70, 23, 4),
							(6, 2, 19000.90, 21, 5),
							(7, 3, 16000.30, 30, 5),
							(8, 1, 18000.75, 5, 6),
							(9, 1, 24000.50, 2, 6),
							(10, 1, 20003.40, 20, 7),
							(11, 3, 17000.40, 27, 7),
							(12, 1, 10004.60, 7, 7),
							(13, 1, 23000.40, 6, 8),
							(14, 3, 26000.45, 24, 8),
							(15, 1, 22000.50, 18, 9),
							(16, 3, 18000.50, 12, 9),
							(17, 3, 20002.10, 10, 10),
							(18, 1, 21000.00, 4, 11),
							(19, 1, 10006.20, 9, 12),
							(20, 1, 20001.90, 11, 13),
							(21, 2, 28999.30, 22, 14),
							(22, 2, 22999.75, 28, 14),
							(23, 3, 29999.95, 37, 14),
							(24, 1, 20999.25, 38, 15),
							(25, 1, 29999.20, 25, 16),
							(27, 1, 20999.00, 14, 18),
							(28, 3, 27999.00, 19, 18),
							(30, 1, 19999.10, 32, 19),
							(31, 2, 23999.10, 34, 19),
							(32, 1, 17999.95, 3, 20),
							(33, 2, 26999.85, 35, 21),
							(34, 2, 25999.60, 13, 21),
							(35, 1, 19999.30, 16, 21),
							(36, 2, 18999.90, 29, 22),
							(37, 3, 20999.15, 26, 22),
							(38, 1, 29999.90, 8, 23),
							(39, 1, 19999.99, 1, 24);

-- RESEÑAS DE LIBROS
GO
INSERT INTO resenias_libros (id_resenia, comentario, fecha_resenia, cod_libro, id_puntuacion, cod_cliente)
VALUES						(1, 'Excelente obra, muy atrapante.', '15/01/2024', 1, 5, 1),
							(2, 'No cumplió mis expectativas.', '17/01/2024', 2, 2, 2),
							(3, 'Me gustó el desarrollo de personajes.', '20/01/2024', 3, 4, 3),
							(4, 'Una historia muy emotiva.', '22/01/2024', 4, 5, 4),
							(5, 'Demasiado predecible.', '01/02/2024', 5, 4, 5),
							(6, 'Recomiendo para jóvenes lectores.', '03/02/2024', 8, 4, 6),
							(7, 'Buen ritmo y estilo narrativo.', '04/02/2024', 7, 4, 7),
							(8, 'No entendí bien el final.', '06/02/2024', 17, 3, 8),
							(9, 'Una joyita literaria.', '08/02/2024', 9, 5, 9),
							(10, 'Se hace lento al principio.', '10/02/2024', 10, 3, 10),
							(11, 'Lo volvería a leer.', '11/02/2024', 36, 5, 11),
							(12, 'Esta mortal.', '13/02/2025', 12, 5, 12),
							(13, 'Una decepción total.', '15/02/2025', 13, 1, 13),
							(14, 'Ideal para entender la historia.', '17/02/2025', 34, 4, 14),
							(15, 'Excelente documentación.', '19/02/2025', 15, 5, 15),
							(16, 'Muy complejo de seguir.', '21/02/2025', 16, 4, 16),
							(17, 'Perfecto para regalar.', '22/02/2025', 27, 5, 17),
							(19, 'Muy buen final.', '27/02/2024', 29, 4, 19),
							(20, 'Una obra maestra.', '28/02/2024', 20, 5, 20);

-- TRACKING DE ENVIOS
GO
INSERT INTO tracking_envios (id_tracking, nro_pedido, id_estado_envio, fecha_estado, observaciones)
					VALUES	(1, 1, 1, '01/01/2023', 'Pedido recibido'),
							(2, 1, 2, '02/01/2023', 'Preparando pedido'),
							(3, 1, 3, '03/01/2023', 'Enviado desde centro de distribución'),
							(4, 2, 1, '04/01/2023', 'Pendiente'),
							(5, 2, 2, '05/01/2023', 'En preparación'),
							(6, 3, 1, '06/01/2023', 'Pendiente de pago'),
							(7, 3, 6, '07/01/2023', 'Cancelado por el usuario'),
							(8, 4, 1, '08/01/2023', 'Pendiente'),
							(9, 5, 1, '09/01/2023', 'Recibido'),
							(10, 5, 2, '10/01/2023', 'Armando el paquete'),
							(11, 6, 3, '11/01/2023', 'Enviado'),
							(12, 7, 4, '12/01/2023', 'En tránsito'),
							(13, 7, 5, '13/01/2023', 'Entregado'),
							(14, 8, 1, '14/01/2023', 'Pendiente'),
							(15, 9, 3, '15/01/2023', 'Enviado'),
							(16, 10, 5, '16/01/2023', 'Entregado sin novedad'),
							(17, 11, 2, '17/01/2023', 'Empaquetado'),
							(18, 12, 1, '18/01/2023', 'Pendiente'),
							(19, 12, 4, '19/01/2023', 'En tránsito con retraso'),
							(20, 12, 5, '20/01/2023', 'Entrega finalizada');

-- PREFERENCIAS DE CLIENTES
GO
INSERT INTO preferencias_clientes (id_preferencia_cliente, cod_cliente, id_genero, suscribe_newsletter)
VALUES							  (1, 1, 3, 1),
								  (2, 2, 14, 0),
								  (3, 3, 5, 1),
								  (4, 4, 17, 1),
								  (5, 5, 1, 0),
								  (6, 6, 13, 1),
								  (7, 7, 15, 0),
								  (8, 8, 12, 1),
								  (9, 9, 18, 1),
								  (10, 10, 20, 0),
								  (11, 11, 2, 0),
								  (12, 12, 8, 1),
								  (13, 13, 21, 1),
								  (14, 14, 4, 0),
								  (15, 15, 10, 1),
								  (16, 16, 27, 1),
								  (17, 17, 16, 0),
								  (18, 18, 22, 1),
								  (19, 19, 19, 0),
								  (20, 20, 6, 1),
								  (21, 21, 22, 1),
								  (22, 22, 19, 0),
								  (23, 23, 6, 1);

-- CUPONES
GO
INSERT INTO cupones (id_cupon, codigo, descripcion, descuento_porcentaje, descuento_monto, fecha_vencimiento, es_activo)
VALUES				(1, 'DESC10', '10% de descuento', 10.00, NULL, '2025-12-31', 1),
					(2, 'BIENVENIDA', 'Descuento de bienvenida', NULL, 3000.00, '2025-06-30', 1),
					(3, 'NAVIDAD2024', 'Navidad especial', 15.00, NULL, '2024-12-25', 1),
					(4, 'BLACKFRIDAY', 'Descuento por Black Friday', 25.00, NULL, '2024-11-29', 1),
					(5, 'REYES2025', 'Día de Reyes', NULL, 2500.00, '2025-01-06', 0),
					(6, 'VERANO20', 'Descuento de verano', 20.00, NULL, '2025-02-28', 1),
					(7, 'CUPOUTONO', 'Cupón otoñal', NULL, 3500.00, '2025-04-15', 1),
					(8, 'FELIZLECTURA', 'Para amantes de los libros', 12.50, NULL, '2025-08-01', 1),
					(9, 'AMIGO2025', 'Recomendación de un amigo', NULL, 2000.00, '2025-07-31', 1),
					(10, 'PRIMERACOMPRA', 'Cupón primera compra', NULL, 5000.00, '2025-05-31', 1),
					(11, 'XMAS25', '25% navidad', 25.00, NULL, '2025-12-25', 0),
					(12, 'LECTORVIP', 'Cupón exclusivo VIP', NULL, 10000.00, '2025-09-30', 1),
					(13, 'SEMANAL5', 'Descuento semanal', 5.00, NULL, '2025-06-10', 1),
					(14, 'CUPONNUEVO', 'Nuevo cliente', 10.00, NULL, '2025-12-01', 1),
					(15, 'AGOSTO15', 'Agosto con libros', 15.00, NULL, '2025-08-31', 1),
					(16, 'FINDESEMANA', 'Cupón de finde', NULL, 3500.00, '2025-07-10', 1),
					(17, 'ESCOLAR2025', 'Vuelta al cole', NULL, 5000.00, '2025-03-01', 1),
					(18, 'CULTURA10', 'Promoción cultural', 10.00, NULL, '2025-10-10', 1),
					(19, 'LIBROREGALO', 'Libro de regalo', NULL, 260.00, '2025-11-30', 1),
					(20, 'SORTEO2025', 'Sorteo especial', NULL,  170.00, '2025-12-15', 0);

-- CUPONES X USUARIOS
GO
INSERT INTO cupones_usuarios	(id_cupon_usuario, id_cupon, cod_cliente, fecha_usado) 
					VALUES		(1, 1, 1, '15/02/2025 10:00:00'),
								(2, 2, 2, '01/03/2025 12:30:00'),
								(3, 3, 2, NULL),
								(4, 4, 2, '29/11/2024 20:00:00'),
								(5, 5, 5, NULL),
								(6, 6, 6, '28/02/2024 09:15:00'),
								(7, 7, 7, NULL),
								(8, 8, 7, NULL),
								(9, 9, 9, '31/07/2024 13:00:00'),
								(10, 10, 10, '01/05/2025 08:45:00');

-- LISTA DE DESEOS
GO
INSERT INTO listas_deseos	(cod_cliente, cod_libro, fecha_agregado) 
					VALUES	
							(1, 10, '10/01/2020'),
							(2, 12, '11/01/2020'),
							(3, 5,  '15/01/2020'),
							(4, 3,  '20/01/2020'),
							(5, 7,  '22/01/2021'),
							(6, 9,  '23/01/2021'),
							(7, 14, '25/01/2021'),
							(8, 16, '27/01/2022'),
							(9, 11, '28/01/2022'),
							(10, 8, '30/01/2022'),
							(11, 2, '01/02/2023'),
							(12, 4, '03/02/2023'),
							(13, 6, '05/02/2023'),
							(14, 1, '07/02/2024'),
							(15, 17, '09/02/2024'),
							(16, 19, '10/02/2024'),
							(17, 18, '11/02/2024'),
							(18, 13, '12/02/2025'),
							(19, 15, '13/02/2025'),
							(20, 20, '14/02/2025');

--AUTORES DE LIBROS
GO
INSERT INTO autores_libros (id_libro, id_autor) 
VALUES
    (1, 1),
    (2, 2),
    (3, 3),
    (4, 4),
    (5, 5),
    (6, 6),
    (7, 7),
    (8, 8),
    (9, 9),
    (10, 10),
    (11, 11),
    (12, 12),
    (13, 13),
    (14, 14),
    (15, 15),
    (16, 16),
    (17, 17),
    (18, 18),
    (19, 19),
    (20, 20),
    (21, 21),
    (22, 22),
    (23, 23),
    (24, 24),
    (25, 25),
    (26, 26),
    (27, 27),
    (28, 28),
    (29, 1),
    (30, 2),
    (31, 3),
    (32, 4),
    (33, 5),
    (34, 6),
    (35, 7),
    (36, 8),
    (37, 9),
    (38, 10),
    (39, 11),
    (40, 12),
    (41, 13),
    (42, 14),
    (43, 15);
GO
insert into libros_categorias	(id_libro_categoria, id_categoria, id_libro)
						VALUES	(1, 1, 1),
								(2, 6, 2),
								(3, 1, 3),
								(4, 1, 4),
								(5, 8, 4),
								(6, 1, 5),
								(7, 1, 6),
								(8, 1, 7),
								(9, 8, 8),
								(10, 6, 9),
								(11, 1, 10),
								(12, 3, 10),
								(13, 3, 11),
								(14, 1, 12),
								(15, 3, 13),
								(16, 6, 14),
								(17, 1, 15),
								(18, 1, 16),
								(19, 7, 17),
								(20, 1, 25),
								(21, 4, 25),
								(22, 5, 24),
								(23, 8, 24),
								(24, 5, 35),
								(25, 8, 35);

-- AUTORES EN EDITORIALES
GO
insert into autores_editoriales (id_autor_editorial, id_autor, id_editorial)
						Values	(1, 1, 1),
								(2, 2, 2),
								(3, 3, 3),
								(4, 4, 4),
								(5, 5, 5),
								(6, 6, 6),
								(7, 7, 7),
								(8, 8, 8),
								(9, 9, 9),
								(10, 10, 10),
								(11, 11, 11),
								(12, 12, 1),
								(13, 13, 2),
								(14, 14, 3),
								(15, 15, 3),
								(16, 16, 4),
								(17, 17, 5),
								(18, 18, 6),
								(19, 19, 6),
								(20, 20, 7),
								(21, 21, 8),
								(22, 22, 9),
								(23, 23, 10),
								(24, 24, 11),
								(25, 25, 1),
								(26, 26, 2),
								(27, 27, 3),
								(28, 28, 4),
								(29, 1, 2),
								(30, 2, 3),
								(31, 3, 4),
								(32, 4, 5),
								(33, 5, 6),
								(34, 6, 7),
								(35, 7, 8);

--PROFESIONES DE CLIENTES
GO
insert into clientes_profesiones(id_cliente_profesion, id_profesion, id_cliente)
						VALUES	(1, 1, 1),
								(2, 2, 2),
								(3, 3, 3),
								(4, 4, 4),
								(5, 5, 5),
								(6, 6, 6),
								(7, 7, 7),
								(8, 8, 8),
								(9, 9, 9),
								(10, 10, 10),
								(11, 11, 11),
								(12, 12, 12),
								(13, 13, 13),
								(14, 14, 14),
								(15, 15, 15),
								(16, 16, 16),
								(17, 17, 17),
								(18, 18, 18),
								(19, 19, 19),
								(20, 20, 20),
								(21, 21, 1),
								(22, 22, 2),
								(23, 23, 3),
								(24, 24, 4),
								(25, 25, 5),
								(26, 26, 6),
								(27, 27, 7),
								(28, 28, 8),
								(29, 29, 9),
								(30, 30, 10),
								(31, 31, 11),
								(32, 32, 12),
								(33, 1, 11),
								(34, 1, 3),
								(35, 2, 4),
								(36, 2, 5),
								(37, 16, 6),
								(38, 16, 7),
								(39, 16, 8),
								(40, 16, 9),
								(41, 31, 10),
								(42, 31, 11),
								(43, 31, 12),
								(44, 31, 13),
								(45, 31, 14),
								(46, 31, 15),
								(47, 5, 15),
								(48, 5, 16),
								(49, 5, 17),
								(50, 6, 18),
								(51, 6, 19),
								(52, 6, 20),
								(53, 4, 1),
								(54, 4, 2),
								(55, 4, 4),
								(56, 9, 5),
								(57, 9, 6),
								(58, 20, 7),
								(59, 20, 8),
								(60, 17, 9);

-- IDIOMAS PREFERIDOS DE CLIENTES
GO
insert into clientes_idiomas(id_cliente_idioma, id_idioma, cod_cliente, es_preferido)
					values	(1, 1, 1, 1),
							(2, 2, 2, 0),
							(3, 3, 3, 1),
							(4, 4, 4, 0),
							(5, 5, 5, 0),
							(6, 6, 6, 0),
							(7, 7, 7, 0),
							(8, 8, 8, 1),
							(9, 9, 9, 1),
							(10, 10, 1, 1),
							(11, 11, 11, 1),
							(12, 12, 12, 1),
							(13, 1, 13, 0),
							(14, 2, 14, 0),
							(15, 3, 15, 1),
							(16, 4, 16, 1),
							(17, 5, 17, 1),
							(18, 6, 18, 0),
							(19, 8, 19, 1),
							(20, 8, 20, 0),
							(21, 11, 1, 1),
							(22, 12, 2, 1),
							(23, 12, 3, 1),
							(24, 1, 4, 1),
							(25, 1, 5, 1),
							(26, 1, 6, 0),
							(27, 11, 7, 1),
							(28, 8, 8, 1),
							(29, 8, 9, 0),
							(30, 8, 10, 0),
							(31, 3, 11, 1),
							(32, 3, 12, 1),
							(33, 3, 13, 1),
							(34, 3, 14, 0),
							(35, 3, 15, 0);

-- GENEROS DE LIBROS
GO
INSERT INTO libros_generos	(id_libro, id_genero) VALUES
							(1, 3),   
							(1, 22),  
							(2, 3),   
							(2, 17),  
							(3, 3),   
							(3, 19), 
							(4, 5),   
							(5, 20), 
							(5, 13),  
							(6, 28), 
							(6, 21), 
							(7, 7),  
							(7, 22), 
							(8, 8),  
							(8, 19), 
							(9, 4),  
							(9, 22), 
							(10, 3),
							(10, 22),
							(10, 20),
							(11, 3), 
							(11, 17),
							(12, 18),
							(12, 17),
							(13, 19),
							(13, 7), 
							(14, 20),
							(14, 13),
							(15, 4), 
							(15, 22),
							(16, 16),
							(16, 28),
							(17, 6), 
							(17, 2), 
							(18, 19),
							(18, 3), 
							(19, 27),
							(19, 19),
							(20, 3), 
							(20, 13),
							(21, 3), 
							(21, 22),
							(22, 22),
							(22, 28),
							(23, 3), 
							(23, 22),
							(24, 8), 
							(25, 5), 
							(25, 13),
							(26, 12),
							(26, 13),
							(27, 14),
							(27, 28),
							(28, 20),
							(28, 13),
							(29, 3), 
							(29, 22),
							(30, 22),
							(30, 24),
							(31, 13),
							(32, 3),   
							(32, 22),  
							(32, 7),   
							(33, 14),  
							(33, 13),  
							(33, 21),  
							(34, 3),   
							(34, 22),  
							(34, 34),  
							(35, 18),  
							(35, 17),  
							(35, 22),  
							(36, 22),  
							(36, 20),  
							(36, 6),  
							(37, 28), 
							(37, 14), 
							(37, 18), 
							(38, 22),  
							(38, 5),   
							(38, 2),   
							(39, 22),  
							(39, 3),   
							(39, 19),  
							(40, 3),   
							(40, 22),  
							(40, 7),   
							(41, 15),  
							(41, 16),  
							(41, 13),  
							(42, 3),   
							(42, 7),   
							(42, 34),  
							(43, 22),  
							(43, 26);